id,content
1,Check out the SHARK airdrop based on the number of transactions on TON here https://t.me/realsharkbot/gameapp?startapp=7iEmcy
2,Join the SHARK airdrop which is determined by the number of transactions on TON https://t.me/realsharkbot/gameapp?startapp=7iEmcy
3,Participate in the SHARK airdrop by checking your transaction count on TON at this link https://t.me/realsharkbot/gameapp?startapp=7iEmcy
4,Explore the SHARK airdrop and see how it relates to your transaction history on TON here https://t.me/realsharkbot/gameapp?startapp=7iEmcy
5,Find out more about the SHARK airdrop based on TON transactions by visiting https//t.me/realsharkbot/gameapp?startapp=7iEmcy
6,Check your eligibility for the SHARK airdrop, which is linked to TON transactions https://t.me/realsharkbot/gameapp?startapp=7iEmcy
7,Get involved in the SHARK airdrop by reviewing your transaction data on TON here https://t.me/realsharkbot/gameapp?startapp=7iEmcy
8,Verify your participation in the SHARK airdrop through your transaction history on TON https://t.me/realsharkbot/gameapp?startapp=7iEmcy
9,See how your transaction count on TON affects your SHARK airdrop eligibility here https://t.me/realsharkbot/gameapp?startapp=7iEmcy
10,The SHARK airdrop is based on your transactions on TON. Check it out at https://t.me/realsharkbot/gameapp?startapp=7iEmcy
